,ECG,TIME
0,0.0,1609287638.853557
1,2425.70068359375,1609287638.913086
2,2518.370849609375,1609287638.913095
3,2491.392333984375,1609287638.913101
4,2380.70654296875,1609287638.913107
5,2364.8369140625,1609287638.913113
6,2489.04541015625,1609287638.913119
7,2520.069580078125,1609287638.913125
8,2391.32373046875,1609287638.913131
9,2365.2392578125,1609287638.913137
10,2506.390380859375,1609287638.913143
11,2565.7119140625,1609287638.913149
12,2467.744140625,1609287638.913155
13,2425.70068359375,1609287638.913161
14,2519.801513671875,1609287638.913167
15,2596.5126953125,1609287638.913174
16,2520.9638671875,1609287638.973308
17,2453.640380859375,1609287638.973322
18,2552.3232421875,1609287638.973328
19,2651.721435546875,1609287638.973334
20,2565.39892578125,1609287638.973341
21,2456.65771484375,1609287638.973347
22,2507.955078125,1609287638.973353
23,2631.20263671875,1609287638.973359
24,2596.57958984375,1609287638.973386
25,2494.409912109375,1609287638.973392
26,2518.5498046875,1609287638.973398
27,2639.450439453125,1609287638.973404
28,2623.78173828125,1609287638.97341
29,2495.795654296875,1609287638.973417
30,2490.83349609375,1609287638.973423
31,2612.78466796875,1609287639.033482
32,2638.735107421875,1609287639.033497
33,2530.01611328125,1609287639.0335
34,2518.102783203125,1609287639.033504
35,2614.505859375,1609287639.033507
36,2669.6474609375,1609287639.033511
37,2582.140380859375,1609287639.033514
38,2524.204833984375,1609287639.033517
39,2642.78076171875,1609287639.033521
40,2717.36865234375,1609287639.033524
41,2648.56982421875,1609287639.033527
42,2548.702392578125,1609287639.033531
43,2612.248291015625,1609287639.033535
44,2725.12451171875,1609287639.033538
45,2683.14794921875,1609287639.033541
46,2581.358154296875,1609287639.093903
47,2633.549560546875,1609287639.093944
48,2754.2265625,1609287639.09395
49,2723.113037109375,1609287639.093956
50,2607.330810546875,1609287639.093962
51,2618.3056640625,1609287639.093968
52,2744.54833984375,1609287639.093974
53,2751.0302734375,1609287639.09398
54,2633.77294921875,1609287639.093986
55,2618.260986328125,1609287639.093992
56,2737.73095703125,1609287639.093998
57,2782.657958984375,1609287639.094004
58,2662.15966796875,1609287639.09401
59,2609.543701171875,1609287639.094016
60,2730.93603515625,1609287639.094022
61,2787.374267578125,1609287639.153302
62,2694.34619140625,1609287639.153312
63,2628.922607421875,1609287639.153316
64,2715.75927734375,1609287639.15332
65,2802.08154296875,1609287639.153324
66,2724.31982421875,1609287639.153328
67,2619.37841796875,1609287639.153332
68,2669.669921875,1609287639.153336
69,2771.169189453125,1609287639.15334
70,2708.2265625,1609287639.153356
71,2586.78955078125,1609287639.15336
72,2617.433837890625,1609287639.153364
73,2741.865966796875,1609287639.153368
74,2739.362548828125,1609287639.153372
75,2622.552490234375,1609287639.153376
76,2600.044189453125,1609287639.213071
77,2731.070068359375,1609287639.213085
78,2766.877685546875,1609287639.213091
79,2637.416259765625,1609287639.213096
80,2611.97998046875,1609287639.213102
81,2730.2431640625,1609287639.213107
82,2773.873779296875,1609287639.213113
83,2663.76904296875,1609287639.213118
84,2615.645751953125,1609287639.213123
85,2688.825439453125,1609287639.213129
86,2773.270263671875,1609287639.213134
87,2693.94384765625,1609287639.21314
88,2601.0947265625,1609287639.213145
89,2672.307373046875,1609287639.213151
90,2757.288818359375,1609287639.213156
91,2692.401611328125,1609287639.273361
92,2596.69140625,1609287639.273374
93,2633.616455078125,1609287639.27338
94,2667.010009765625,1609287639.273401
95,2491.124267578125,1609287639.273407
96,2194.6953125,1609287639.273413
97,1994.9825439453125,1609287639.273419
98,1836.888671875,1609287639.273427
99,1548.32763671875,1609287639.273434
100,1226.730712890625,1609287639.273442
101,1134.9097900390625,1609287639.273449
102,1465.1343994140625,1609287639.273457
103,2210.8779296875,1609287639.273466
104,2943.165771484375,1609287639.273473
105,3207.654052734375,1609287639.273481
106,3222.89794921875,1609287639.33364
107,3099.35986328125,1609287639.333652
108,2873.07080078125,1609287639.333658
109,2726.041015625,1609287639.333664
110,2763.837890625,1609287639.333671
111,2809.524658203125,1609287639.333677
112,2699.95654296875,1609287639.333683
113,2595.685546875,1609287639.333689
114,2659.2763671875,1609287639.333695
115,2746.11279296875,1609287639.333701
116,2682.902099609375,1609287639.333707
117,2572.573974609375,1609287639.333728
118,2619.155029296875,1609287639.333734
119,2709.791259765625,1609287639.333741
120,2670.206298828125,1609287639.333747
121,2563.0966796875,1609287639.393951
122,2545.61767578125,1609287639.393965
123,2673.693115234375,1609287639.393971
124,2680.689208984375,1609287639.393977
125,2556.458251953125,1609287639.393984
126,2520.337890625,1609287639.39399
127,2629.705078125,1609287639.393996
128,2640.38916015625,1609287639.394002
129,2527.088134765625,1609287639.394008
130,2484.932861328125,1609287639.394014
131,2577.8935546875,1609287639.39402
132,2643.0712890625,1609287639.394026
133,2540.00732421875,1609287639.394033
134,2456.970703125,1609287639.394039
135,2537.280517578125,1609287639.394045
136,2620.652587890625,1609287639.453944
137,2528.496337890625,1609287639.453961
138,2429.433349609375,1609287639.453967
139,2478.897705078125,1609287639.453973
140,2581.156982421875,1609287639.454002
141,2530.955078125,1609287639.454008
142,2402.432373046875,1609287639.454014
143,2427.08642578125,1609287639.45402
144,2547.9423828125,1609287639.454026
145,2541.41552734375,1609287639.454032
146,2426.259521484375,1609287639.454038
147,2447.962890625,1609287639.454044
148,2578.877197265625,1609287639.454051
149,2598.41259765625,1609287639.454057
150,2491.593505859375,1609287639.454063
151,2478.093017578125,1609287639.513854
152,2605.78857421875,1609287639.51387
153,2646.133544921875,1609287639.513876
154,2548.188232421875,1609287639.513882
155,2498.813232421875,1609287639.513888
156,2585.046142578125,1609287639.513894
157,2661.8916015625,1609287639.5139
158,2562.560302734375,1609287639.513906
159,2490.83349609375,1609287639.513913
160,2571.568115234375,1609287639.513919
161,2657.912841796875,1609287639.513925
162,2583.61572265625,1609287639.513931
163,2450.68994140625,1609287639.513959
164,2491.191162109375,1609287639.513965
165,2589.9189453125,1609287639.513971
166,2550.557373046875,1609287639.574169
167,2438.619873046875,1609287639.574186
168,2481.803466796875,1609287639.574192
169,2616.361083984375,1609287639.574198
170,2611.77880859375,1609287639.574204
171,2510.279541015625,1609287639.57421
172,2510.972412109375,1609287639.574216
173,2630.442626953125,1609287639.574222
174,2659.924560546875,1609287639.574228
175,2538.7109375,1609287639.574234
176,2500.601318359375,1609287639.57424
177,2612.270751953125,1609287639.574247
178,2663.880859375,1609287639.574253
179,2576.1279296875,1609287639.574259
180,2513.475830078125,1609287639.574265
181,2601.4970703125,1609287639.633062
182,2681.024658203125,1609287639.633079
183,2597.02685546875,1609287639.633086
184,2508.290283203125,1609287639.633092
185,2582.98974609375,1609287639.633098
186,2682.857421875,1609287639.633104
187,2627.98388671875,1609287639.633133
188,2514.43701171875,1609287639.633139
189,2545.260009765625,1609287639.633145
190,2664.57373046875,1609287639.633151
191,2632.677734375,1609287639.633157
192,2532.921875,1609287639.633163
193,2547.45068359375,1609287639.633169
194,2675.615478515625,1609287639.633176
195,2680.041015625,1609287639.633182
196,2565.130859375,1609287639.693565
197,2546.22119140625,1609287639.693581
198,2672.17333984375,1609287639.693588
199,2712.2275390625,1609287639.693594
200,2601.6982421875,1609287639.6936
201,2545.572998046875,1609287639.693606
202,2655.07421875,1609287639.693612
203,2724.699951171875,1609287639.693618
204,2633.68359375,1609287639.693624
205,2570.4951171875,1609287639.69363
206,2664.842041015625,1609287639.693636
207,2759.4345703125,1609287639.693643
208,2678.320068359375,1609287639.693649
209,2609.655517578125,1609287639.693655
210,2678.320068359375,1609287639.693683
211,2775.147705078125,1609287639.7537
212,2723.76123046875,1609287639.753717
213,2602.368896484375,1609287639.753723
214,2643.339599609375,1609287639.753729
215,2766.609375,1609287639.753736
216,2734.8251953125,1609287639.753742
217,2633.147216796875,1609287639.753748
218,2650.335693359375,1609287639.753754
219,2761.557861328125,1609287639.75376
220,2769.984619140625,1609287639.753765
221,2656.527099609375,1609287639.753771
222,2629.16845703125,1609287639.753778
223,2753.980712890625,1609287639.753784
224,2785.49658203125,1609287639.75379
225,2683.34912109375,1609287639.753796
226,2626.754638671875,1609287639.81388
227,2722.911865234375,1609287639.813896
228,2812.609375,1609287639.813903
229,2709.6572265625,1609287639.813909
230,2638.712646484375,1609287639.813915
231,2741.30712890625,1609287639.813921
232,2838.8056640625,1609287639.813927
233,2751.90185546875,1609287639.813958
234,2646.267578125,1609287639.813964
235,2688.37841796875,1609287639.81397
236,2782.970947265625,1609287639.813976
237,2724.833984375,1609287639.813982
238,2616.40576171875,1609287639.813989
239,2633.1025390625,1609287639.813995
240,2741.12841796875,1609287639.814001
241,2735.2275390625,1609287639.873241
242,2615.2880859375,1609287639.873256
243,2632.4990234375,1609287639.873263
244,2745.956298828125,1609287639.873269
245,2775.10302734375,1609287639.873275
246,2667.121826171875,1609287639.873281
247,2647.16162109375,1609287639.873287
248,2772.443115234375,1609287639.873293
249,2813.659912109375,1609287639.873301
250,2708.673583984375,1609287639.873307
251,2628.542724609375,1609287639.873313
252,2712.205322265625,1609287639.873319
253,2790.145751953125,1609287639.873325
254,2724.185791015625,1609287639.873332
255,2633.5048828125,1609287639.873338
256,2712.0263671875,1609287639.9331
257,2784.8037109375,1609287639.933117
258,2730.2431640625,1609287639.933123
259,2634.153076171875,1609287639.933129
260,2639.0927734375,1609287639.933135
261,2653.8896484375,1609287639.933141
262,2473.533447265625,1609287639.933147
263,2177.59619140625,1609287639.933153
264,1942.8359375,1609287639.933159
265,1784.362060546875,1609287639.933165
266,1537.7552490234375,1609287639.933171
267,1220.941650390625,1609287639.933177
268,1142.419921875,1609287639.933183
269,1570.0311279296875,1609287639.933189
270,2421.453857421875,1609287639.933196
271,3065.407470703125,1609287639.993649
272,3166.750244140625,1609287639.993667
273,3148.555908203125,1609287639.993673
274,3057.47265625,1609287639.993679
275,2851.1884765625,1609287639.993686
276,2710.595947265625,1609287639.993692
277,2758.0263671875,1609287639.993698
278,2821.30419921875,1609287639.993704
279,2728.65625,1609287639.99371
280,2629.77197265625,1609287639.993739
281,2681.15869140625,1609287639.993745
282,2782.09912109375,1609287639.993752
283,2729.684326171875,1609287639.993758
284,2626.57568359375,1609287639.993764
285,2652.77197265625,1609287639.99377
286,2745.889404296875,1609287640.054011
287,2721.078857421875,1609287640.054028
288,2597.58544921875,1609287640.054034
289,2594.322265625,1609287640.05404
290,2701.386962890625,1609287640.054046
291,2708.874755859375,1609287640.054053
292,2608.962646484375,1609287640.054059
293,2583.950927734375,1609287640.054066
294,2686.701904296875,1609287640.054072
295,2713.74755859375,1609287640.054078
296,2601.765380859375,1609287640.054119
297,2546.802490234375,1609287640.054132
298,2630.39794921875,1609287640.054138
299,2690.300537109375,1609287640.054144
300,2580.575927734375,1609287640.05415
301,2508.9609375,1609287640.113912
302,2574.20556640625,1609287640.113929
303,2663.18798828125,1609287640.113957
304,2586.40966796875,1609287640.113963
305,2471.611083984375,1609287640.11397
306,2507.7314453125,1609287640.113976
307,2610.325927734375,1609287640.113982
308,2571.5009765625,1609287640.113988
309,2458.49072265625,1609287640.113994
310,2488.509033203125,1609287640.113999
311,2601.58642578125,1609287640.114005
312,2585.4931640625,1609287640.114012
313,2480.194091796875,1609287640.114018
314,2487.88330078125,1609287640.114024
315,2587.3037109375,1609287640.11403
316,2620.362060546875,1609287640.17354
317,2506.1669921875,1609287640.173557
318,2483.122314453125,1609287640.173563
319,2602.927490234375,1609287640.17357
320,2649.6650390625,1609287640.173576
321,2572.842041015625,1609287640.173582
322,2495.66162109375,1609287640.173588
323,2582.453369140625,1609287640.173594
324,2682.231689453125,1609287640.1736
325,2584.59912109375,1609287640.173606
326,2492.889892578125,1609287640.173633
327,2554.3125,1609287640.17364
328,2652.011962890625,1609287640.173646
329,2588.0859375,1609287640.173652
330,2485.022216796875,1609287640.173658
331,2513.3642578125,1609287640.233127
332,2625.726318359375,1609287640.233141
333,2594.2998046875,1609287640.233147
334,2472.527587890625,1609287640.233153
335,2466.24658203125,1609287640.233159
336,2590.857666015625,1609287640.233166
337,2608.649658203125,1609287640.233172
338,2502.501220703125,1609287640.233178
339,2518.46044921875,1609287640.233184
340,2639.942138671875,1609287640.23319
341,2665.311279296875,1609287640.233196
342,2554.20068359375,1609287640.233202
343,2508.82666015625,1609287640.233208
344,2623.40185546875,1609287640.233214
345,2694.703857421875,1609287640.23322
346,2597.38427734375,1609287640.293306
347,2524.674072265625,1609287640.29332
348,2607.733154296875,1609287640.293326
349,2691.217041015625,1609287640.293332
350,2613.8798828125,1609287640.293357
351,2520.44970703125,1609287640.293363
352,2573.9375,1609287640.293369
353,2673.134521484375,1609287640.293376
354,2627.3134765625,1609287640.293381
355,2532.363037109375,1609287640.293388
356,2577.916015625,1609287640.293394
357,2681.292724609375,1609287640.2934
358,2650.78271484375,1609287640.293406
359,2548.389404296875,1609287640.293412
360,2554.558349609375,1609287640.293418
361,2675.97314453125,1609287640.353689
362,2688.6689453125,1609287640.353705
363,2580.1064453125,1609287640.353712
364,2560.5263671875,1609287640.353718
365,2667.56884765625,1609287640.353724
366,2720.8330078125,1609287640.35373
367,2617.344482421875,1609287640.353736
368,2562.1357421875,1609287640.353742
369,2685.47265625,1609287640.353749
370,2765.357666015625,1609287640.353755
371,2662.718505859375,1609287640.353761
372,2596.557373046875,1609287640.353767
373,2684.8466796875,1609287640.353794
374,2773.0244140625,1609287640.3538
375,2695.687255859375,1609287640.353807
376,2600.535888671875,1609287640.414072
377,2674.117919921875,1609287640.414118
378,2792.69384765625,1609287640.414125
379,2739.005126953125,1609287640.414133
380,2637.751708984375,1609287640.41414
381,2668.6640625,1609287640.414147
382,2776.444091796875,1609287640.414155
383,2768.352783203125,1609287640.414166
384,2657.443603515625,1609287640.414172
385,2643.38427734375,1609287640.414178
386,2761.066162109375,1609287640.414184
387,2767.30224609375,1609287640.414191
388,2655.58837890625,1609287640.414197
389,2645.507568359375,1609287640.414203
390,2769.068115234375,1609287640.414209
391,2801.634521484375,1609287640.472734
392,2708.4501953125,1609287640.472749
393,2650.693359375,1609287640.472755
394,2738.91552734375,1609287640.472761
395,2808.138916015625,1609287640.472767
396,2731.2490234375,1609287640.472797
397,2642.736083984375,1609287640.472803
398,2719.15673828125,1609287640.472809
399,2817.794921875,1609287640.472815
400,2772.957275390625,1609287640.472821
401,2673.536865234375,1609287640.472827
402,2709.4560546875,1609287640.472833
403,2825.238037109375,1609287640.47284
404,2787.642333984375,1609287640.472846
405,2672.888671875,1609287640.472852
406,2672.2626953125,1609287640.533814
407,2775.952392578125,1609287640.53383
408,2767.168212890625,1609287640.533836
409,2645.39599609375,1609287640.533843
410,2660.662109375,1609287640.533849
411,2757.892333984375,1609287640.533855
412,2760.596923828125,1609287640.533861
413,2656.28125,1609287640.533867
414,2644.2783203125,1609287640.533873
415,2765.871826171875,1609287640.533879
416,2831.161376953125,1609287640.533885
417,2722.93408203125,1609287640.533891
418,2647.474609375,1609287640.533897
419,2733.8193359375,1609287640.533924
420,2796.29248046875,1609287640.53393
421,2724.409423828125,1609287640.593409
422,2648.5029296875,1609287640.593426
423,2720.94482421875,1609287640.593433
424,2810.10595703125,1609287640.59344
425,2760.52978515625,1609287640.593447
426,2645.97705078125,1609287640.593455
427,2680.935302734375,1609287640.593462
428,2797.72314453125,1609287640.593469
429,2769.045654296875,1609287640.593477
430,2631.336669921875,1609287640.593484
431,2538.107666015625,1609287640.593492
432,2490.408935546875,1609287640.593501
433,2316.04296875,1609287640.59351
434,1949.988525390625,1609287640.593517
435,1663.7520751953125,1609287640.593525
436,1541.5550537109375,1609287640.653725
437,1386.8809814453125,1609287640.653741
438,1224.5179443359375,1609287640.653747
439,1484.3345947265625,1609287640.653753
440,2401.046630859375,1609287640.653759
441,3224.037841796875,1609287640.653765
442,3244.445068359375,1609287640.653771
443,3015.160888671875,1609287640.653799
444,2950.1171875,1609287640.653805
445,2934.314453125,1609287640.653811
446,2800.025390625,1609287640.653817
447,2666.38427734375,1609287640.653823
448,2703.219970703125,1609287640.653829
449,2803.445068359375,1609287640.653835
450,2758.965087890625,1609287640.653841
451,2637.148193359375,1609287640.71327
452,2654.649658203125,1609287640.713286
453,2773.71728515625,1609287640.713293
454,2753.377197265625,1609287640.713299
455,2642.043212890625,1609287640.713305
456,2614.461181640625,1609287640.713311
457,2727.784423828125,1609287640.713317
458,2747.11865234375,1609287640.713323
459,2626.553466796875,1609287640.713329
460,2593.562255859375,1609287640.713335
461,2697.54248046875,1609287640.713341
462,2755.32177734375,1609287640.713347
463,2633.460205078125,1609287640.713353
464,2567.745849609375,1609287640.713359
465,2645.0830078125,1609287640.713365
466,2723.4482421875,1609287640.772663
467,2637.908203125,1609287640.772679
468,2551.20556640625,1609287640.772686
469,2631.40380859375,1609287640.772694
470,2710.394775390625,1609287640.772701
471,2635.896484375,1609287640.772708
472,2524.472900390625,1609287640.772716
473,2549.059814453125,1609287640.772723
474,2657.823486328125,1609287640.77273
475,2616.58447265625,1609287640.772737
476,2503.976318359375,1609287640.772744
477,2509.787841796875,1609287640.772752
478,2618.01513671875,1609287640.77276
479,2611.331787109375,1609287640.772768
480,2493.426513671875,1609287640.772776
481,2487.614990234375,1609287640.833168
482,2584.21923828125,1609287640.833174
483,2606.973388671875,1609287640.833176
484,2491.28076171875,1609287640.833179
485,2444.587890625,1609287640.833181
486,2561.30859375,1609287640.833184
487,2631.18017578125,1609287640.833186
488,2542.82373046875,1609287640.833189
489,2471.611083984375,1609287640.833196
490,2568.483642578125,1609287640.833199
491,2652.861328125,1609287640.833201
492,2571.724609375,1609287640.833204
493,2483.703369140625,1609287640.833206
494,2559.855712890625,1609287640.833209
495,2666.048828125,1609287640.833211
496,2615.824462890625,1609287640.833214
497,2489.3359375,1609287640.894705
498,2517.9462890625,1609287640.894714
499,2636.231689453125,1609287640.89472
500,2599.91015625,1609287640.894726
501,2478.830810546875,1609287640.894732
502,2492.44287109375,1609287640.894739
503,2627.693359375,1609287640.894745
504,2644.054931640625,1609287640.894751
505,2523.1318359375,1609287640.894757
506,2494.208740234375,1609287640.894763
507,2609.3203125,1609287640.894769
508,2661.623291015625,1609287640.894776
509,2565.04150390625,1609287640.894783
510,2524.45068359375,1609287640.894789
511,2636.00830078125,1609287640.894816
512,2702.52685546875,1609287640.953623
513,2634.689453125,1609287640.95364
514,2545.23779296875,1609287640.953646
515,2615.2880859375,1609287640.953652
516,2705.097412109375,1609287640.953658
517,2629.302734375,1609287640.953665
518,2542.42138671875,1609287640.953671
519,2595.730224609375,1609287640.953677
520,2685.36083984375,1609287640.953683
521,2653.6884765625,1609287640.953689
522,2550.155029296875,1609287640.953695
523,2565.779052734375,1609287640.953701
524,2677.716552734375,1609287640.953708
525,2679.6611328125,1609287640.953714
526,2583.280517578125,1609287640.95372
527,2581.760498046875,1609287641.01358
528,2691.485107421875,1609287641.013605
529,2711.177001953125,1609287641.013612
530,2603.553466796875,1609287641.013618
531,2561.59912109375,1609287641.013624
532,2663.2548828125,1609287641.01363
533,2727.203369140625,1609287641.013636
534,2638.8916015625,1609287641.013642
535,2584.01806640625,1609287641.013648
536,2670.67578125,1609287641.013675
537,2749.2421875,1609287641.013681
538,2660.259765625,1609287641.013688
539,2605.81103515625,1609287641.013694
540,2668.17236328125,1609287641.0137
541,2774.253662109375,1609287641.013706
542,2704.4716796875,1609287641.073868
543,2617.120849609375,1609287641.073886
544,2688.98193359375,1609287641.073892
545,2784.4013671875,1609287641.073898
546,2740.92724609375,1609287641.073904
547,2642.937255859375,1609287641.07391
548,2651.78857421875,1609287641.073916
549,2761.0439453125,1609287641.073922
550,2755.03125,1609287641.073929
551,2652.704833984375,1609287641.073935
552,2655.342529296875,1609287641.073941
553,2774.208984375,1609287641.073947
554,2813.9951171875,1609287641.073953
555,2714.6640625,1609287641.073959
556,2662.56201171875,1609287641.073965
557,2756.439453125,1609287641.134457
558,2824.031005859375,1609287641.134473
559,2727.493896484375,1609287641.1345
560,2673.24609375,1609287641.134506
561,2775.371337890625,1609287641.134512
562,2839.856201171875,1609287641.134518
563,2758.607421875,1609287641.134525
564,2666.518310546875,1609287641.13453
565,2738.066162109375,1609287641.134537
566,2829.68603515625,1609287641.134542
567,2778.455810546875,1609287641.134548
568,2684.466796875,1609287641.134555
569,2720.52001953125,1609287641.134561
570,2823.49462890625,1609287641.134567
571,2796.359619140625,1609287641.134573
572,2684.57861328125,1609287641.194358
573,2700.314208984375,1609287641.194372
574,2822.757080078125,1609287641.194379
575,2823.226318359375,1609287641.194385
576,2718.15087890625,1609287641.194391
577,2694.56982421875,1609287641.194397
578,2809.167236328125,1609287641.194403
579,2840.213623046875,1609287641.194409
580,2734.400634765625,1609287641.194415
581,2691.306396484375,1609287641.194421
582,2788.8271484375,1609287641.194447
583,2857.08935546875,1609287641.194454
584,2769.559814453125,1609287641.19446
585,2684.0419921875,1609287641.194466
586,2777.852294921875,1609287641.194472
587,2871.617919921875,1609287641.254646
588,2780.802734375,1609287641.254664
589,2682.298583984375,1609287641.254671
590,2752.594970703125,1609287641.254678
591,2854.116455078125,1609287641.254685
592,2798.974853515625,1609287641.254693
593,2700.470703125,1609287641.254702
594,2717.435546875,1609287641.254709
595,2818.28662109375,1609287641.254716
596,2790.7939453125,1609287641.254722
597,2676.37548828125,1609287641.254729
598,2684.15380859375,1609287641.25476
599,2801.746337890625,1609287641.254768
600,2810.59765625,1609287641.254776
601,2691.865234375,1609287641.254783
602,2677.38134765625,1609287641.313502
603,2803.3779296875,1609287641.313516
604,2851.27783203125,1609287641.313523
605,2729.103271484375,1609287641.313529
606,2673.96142578125,1609287641.313556
607,2781.69677734375,1609287641.313562
608,2848.841552734375,1609287641.313568
609,2756.70751953125,1609287641.313574
610,2672.709716796875,1609287641.31358
611,2740.077880859375,1609287641.313586
612,2843.3876953125,1609287641.313592
613,2774.857177734375,1609287641.313599
614,2680.823486328125,1609287641.313605
615,2726.599853515625,1609287641.313611
616,2823.852294921875,1609287641.313617
617,2787.91064453125,1609287641.373776
618,2647.0947265625,1609287641.373791
619,2591.662353515625,1609287641.373797
620,2550.1103515625,1609287641.373803
621,2358.757080078125,1609287641.373809
622,2010.2711181640625,1609287641.373815
623,1733.24365234375,1609287641.373822
624,1612.4324951171875,1609287641.373828
625,1463.3016357421875,1609287641.373834
626,1311.7120361328125,1609287641.37384
627,1572.1993408203125,1609287641.373846
628,2478.3388671875,1609287641.373852
629,3249.608154296875,1609287641.373877
630,3262.996826171875,1609287641.373884
631,3053.6728515625,1609287641.37389
632,3002.353271484375,1609287641.43609
633,3000.364013671875,1609287641.43611
634,2849.08740234375,1609287641.436117
635,2706.974853515625,1609287641.436124
636,2745.50927734375,1609287641.43613
637,2837.30810546875,1609287641.436137
638,2763.994384765625,1609287641.436144
639,2657.4658203125,1609287641.436151
640,2719.76025390625,1609287641.436158
641,2840.638427734375,1609287641.436165
642,2797.611328125,1609287641.436172
643,2662.271484375,1609287641.436179
644,2651.945068359375,1609287641.436186
645,2777.539306640625,1609287641.436193
646,2795.6220703125,1609287641.4362
647,2675.36962890625,1609287641.494649
648,2642.19970703125,1609287641.494669
649,2771.392578125,1609287641.494676
650,2804.71923828125,1609287641.494683
651,2673.2685546875,1609287641.49469
652,2611.17529296875,1609287641.494722
653,2708.897216796875,1609287641.494729
654,2775.21484375,1609287641.494736
655,2659.030517578125,1609287641.494743
656,2582.81103515625,1609287641.49475
657,2696.53662109375,1609287641.494757
658,2778.165283203125,1609287641.494764
659,2672.888671875,1609287641.494771
660,2562.381591796875,1609287641.494778
661,2627.00048828125,1609287641.494785
662,2734.13232421875,1609287641.553398
663,2691.217041015625,1609287641.553417
664,2560.258056640625,1609287641.553425
665,2579.9052734375,1609287641.553433
666,2698.458984375,1609287641.553442
667,2679.68359375,1609287641.55345
668,2533.927734375,1609287641.553458
669,2532.765380859375,1609287641.553466
670,2673.0673828125,1609287641.553474
671,2709.992431640625,1609287641.553482
672,2574.585693359375,1609287641.55349
673,2525.724609375,1609287641.553499
674,2639.539794921875,1609287641.553507
675,2703.711669921875,1609287641.553544
676,2593.539794921875,1609287641.553552
677,2524.607177734375,1609287641.613685
678,2636.611572265625,1609287641.613703
679,2723.269287109375,1609287641.61371
680,2639.517333984375,1609287641.613717
681,2538.688720703125,1609287641.613724
682,2612.20361328125,1609287641.613731
683,2714.6416015625,1609287641.613738
684,2650.112060546875,1609287641.613745
685,2548.970458984375,1609287641.613752
686,2584.39794921875,1609287641.613759
687,2694.681396484375,1609287641.613766
688,2647.38525390625,1609287641.613773
689,2529.099853515625,1609287641.61378
690,2544.81298828125,1609287641.613787
691,2666.18310546875,1609287641.613795
692,2669.55810546875,1609287641.67385
693,2555.40771484375,1609287641.673867
694,2553.3291015625,1609287641.673874
695,2670.6533203125,1609287641.673881
696,2702.616455078125,1609287641.673889
697,2598.837158203125,1609287641.673896
698,2573.088134765625,1609287641.673904
699,2691.6640625,1609287641.673936
700,2751.589111328125,1609287641.673942
701,2655.946044921875,1609287641.673949
702,2589.069580078125,1609287641.673956
703,2673.804931640625,1609287641.673963
704,2770.073974609375,1609287641.673971
705,2697.85546875,1609287641.673978
706,2593.78564453125,1609287641.673985
707,2668.820556640625,1609287641.734503
708,2788.29052734375,1609287641.734522
709,2733.0146484375,1609287641.734529
710,2619.221923828125,1609287641.734535
711,2674.4755859375,1609287641.734542
712,2801.2099609375,1609287641.734549
713,2756.059326171875,1609287641.734556
714,2637.125732421875,1609287641.734563
715,2643.406494140625,1609287641.73457
716,2756.10400390625,1609287641.734577
717,2767.056396484375,1609287641.734583
718,2650.98388671875,1609287641.734591
719,2643.630126953125,1609287641.734598
720,2755.94775390625,1609287641.734605
721,2782.6357421875,1609287641.734611
722,2676.77783203125,1609287641.794334
723,2620.317138671875,1609287641.794348
724,2747.34228515625,1609287641.794354
725,2826.020263671875,1609287641.79436
726,2729.4384765625,1609287641.794366
727,2641.439697265625,1609287641.794372
728,2745.487060546875,1609287641.794378
729,2853.222412109375,1609287641.794384
730,2784.89306640625,1609287641.79439
731,2686.2548828125,1609287641.794396
732,2748.236328125,1609287641.794402
733,2850.830810546875,1609287641.794408
734,2790.346923828125,1609287641.794415
735,2699.822509765625,1609287641.794421
736,2717.882568359375,1609287641.794427
737,2855.524658203125,1609287641.854004
738,2848.349853515625,1609287641.854024
739,2730.891357421875,1609287641.854031
740,2738.021484375,1609287641.854038
741,2860.86669921875,1609287641.854045
742,2861.716064453125,1609287641.854052
743,2751.968994140625,1609287641.854059
744,2712.853515625,1609287641.854066
745,2853.334228515625,1609287641.85413
746,2930.492431640625,1609287641.854136
747,2806.216796875,1609287641.854143
748,2726.510498046875,1609287641.854151
749,2841.3984375,1609287641.854158
750,2904.810302734375,1609287641.854165
751,2804.89794921875,1609287641.854172
752,2733.193603515625,1609287641.914283
753,2821.3935546875,1609287641.914302
754,2917.103759765625,1609287641.91431
755,2852.820068359375,1609287641.914317
756,2734.199462890625,1609287641.914324
757,2770.14111328125,1609287641.914331
758,2883.509033203125,1609287641.914337
759,2846.829833984375,1609287641.914344
760,2739.787353515625,1609287641.914351
761,2772.4208984375,1609287641.914358
762,2903.87158203125,1609287641.914365
763,2905.391357421875,1609287641.914372
764,2787.664794921875,1609287641.914379
765,2754.6064453125,1609287641.914386
766,2875.9541015625,1609287641.914393
767,2909.280517578125,1609287641.974365
768,2797.92431640625,1609287641.974414
769,2749.0185546875,1609287641.974422
770,2857.9609375,1609287641.97443
771,2912.387451171875,1609287641.974438
772,2805.054443359375,1609287641.974446
773,2753.93603515625,1609287641.974455
774,2851.322509765625,1609287641.974463
775,2932.1240234375,1609287641.974471
776,2844.214599609375,1609287641.974479
777,2758.2275390625,1609287641.974486
778,2840.70556640625,1609287641.974495
779,2948.552734375,1609287641.974503
780,2883.5537109375,1609287641.974511
781,2760.552001953125,1609287641.974519
782,2801.8134765625,1609287642.034754
783,2909.03466796875,1609287642.034775
784,2898.507080078125,1609287642.034784
785,2781.9873046875,1609287642.034792
786,2791.419921875,1609287642.0348
787,2921.3505859375,1609287642.034808
788,2922.468017578125,1609287642.034816
789,2784.468505859375,1609287642.034824
790,2777.047607421875,1609287642.034832
791,2891.44384765625,1609287642.03484
792,2918.82470703125,1609287642.034875
793,2783.12744140625,1609287642.034883
794,2722.285888671875,1609287642.034892
795,2828.90380859375,1609287642.0349
796,2878.703369140625,1609287642.034908
797,2787.6201171875,1609287642.094165
798,2706.013916015625,1609287642.094184
799,2810.8212890625,1609287642.094191
800,2918.377685546875,1609287642.094198
801,2851.814208984375,1609287642.094205
802,2768.4423828125,1609287642.094212
803,2813.145751953125,1609287642.094219
804,2944.864501953125,1609287642.094226
805,2892.337890625,1609287642.094232
806,2780.2216796875,1609287642.094239
807,2785.161376953125,1609287642.094246
808,2910.599365234375,1609287642.094253
809,2904.63134765625,1609287642.09426
810,2775.6171875,1609287642.094267
811,2777.159423828125,1609287642.094274
812,2891.823974609375,1609287642.154007
813,2924.9267578125,1609287642.154026
814,2799.466552734375,1609287642.154034
815,2732.12060546875,1609287642.154066
816,2763.0107421875,1609287642.154073
817,2663.2548828125,1609287642.15408
818,2362.93701171875,1609287642.154118
819,2083.3388671875,1609287642.154125
820,1922.74169921875,1609287642.154132
821,1753.069580078125,1609287642.154138
822,1514.75537109375,1609287642.154145
823,1400.247314453125,1609287642.154152
824,1737.4681396484375,1609287642.15416
825,2563.02978515625,1609287642.154166
826,3277.793701171875,1609287642.154173
827,3382.2880859375,1609287642.214242
828,3317.915283203125,1609287642.214263
829,3269.27783203125,1609287642.214271
830,3108.881591796875,1609287642.214278
831,2900.87646484375,1609287642.214285
832,2870.410888671875,1609287642.214292
833,2955.950927734375,1609287642.214298
834,2925.1279296875,1609287642.214305
835,2796.8291015625,1609287642.214312
836,2759.255615234375,1609287642.214319
837,2889.365234375,1609287642.214326
838,2924.479736328125,1609287642.214358
839,2785.5859375,1609287642.214365
840,2724.6328125,1609287642.214372
841,2826.400390625,1609287642.214379
842,2885.67724609375,1609287642.273985
843,2773.761962890625,1609287642.274002
844,2692.33447265625,1609287642.27401
845,2805.255615234375,1609287642.274017
846,2883.77734375,1609287642.274024
847,2781.0263671875,1609287642.274031
848,2669.87109375,1609287642.274038
849,2729.21484375,1609287642.274045
850,2839.38671875,1609287642.274052
851,2771.0126953125,1609287642.274059
852,2649.508544921875,1609287642.274065
853,2688.2666015625,1609287642.274073
854,2811.08935546875,1609287642.27408
855,2788.961181640625,1609287642.27412
856,2644.904296875,1609287642.274128
857,2630.666015625,1609287642.334568
858,2765.0224609375,1609287642.334588
859,2774.611328125,1609287642.334595
860,2628.542724609375,1609287642.334602
861,2606.61572265625,1609287642.334609
862,2705.879638671875,1609287642.334641
863,2753.667724609375,1609287642.334648
864,2634.443603515625,1609287642.334655
865,2584.666259765625,1609287642.334662
866,2694.97216796875,1609287642.334669
867,2767.72705078125,1609287642.334676
868,2656.705810546875,1609287642.334683
869,2575.59130859375,1609287642.33469
870,2654.739013671875,1609287642.334697
871,2767.391845703125,1609287642.334704
872,2713.77001953125,1609287642.393708
873,2614.125732421875,1609287642.393728
874,2692.6474609375,1609287642.393738
875,2822.376953125,1609287642.393747
876,2769.760986328125,1609287642.393756
877,2654.448486328125,1609287642.393764
878,2685.2490234375,1609287642.393773
879,2807.22265625,1609287642.393782
880,2806.5966796875,1609287642.393791
881,2696.201416015625,1609287642.393801
882,2691.93212890625,1609287642.393809
883,2812.87744140625,1609287642.393818
884,2822.935791015625,1609287642.393827
885,2678.6552734375,1609287642.393866
886,2634.6669921875,1609287642.393876
887,2748.92919921875,1609287642.45398
888,2782.769775390625,1609287642.453998
889,2685.2490234375,1609287642.454005
890,2609.566162109375,1609287642.454012
891,2708.0478515625,1609287642.454019
892,2798.818359375,1609287642.454026
893,2700.33642578125,1609287642.454033
894,2613.052978515625,1609287642.45404
895,2698.704833984375,1609287642.454047
896,2813.458740234375,1609287642.454054
897,2746.8505859375,1609287642.454061
898,2643.049072265625,1609287642.454068
899,2697.0732421875,1609287642.454075
900,2810.150634765625,1609287642.454082
901,2784.49072265625,1609287642.454119
902,2668.932373046875,1609287642.514231
903,2699.2412109375,1609287642.514251
904,2819.203125,1609287642.514258
905,2814.017578125,1609287642.514265
906,2678.789306640625,1609287642.514272
907,2665.2890625,1609287642.514279
908,2782.881591796875,1609287642.514311
909,2805.166259765625,1609287642.514318
910,2690.926513671875,1609287642.514325
911,2665.35595703125,1609287642.514331
912,2785.675537109375,1609287642.514338
913,2840.7724609375,1609287642.514345
914,2724.6328125,1609287642.514352
915,2643.451416015625,1609287642.514359
916,2747.655029296875,1609287642.514366
917,2840.213623046875,1609287642.574402
918,2757.892333984375,1609287642.574421
919,2647.2734375,1609287642.574428
920,2743.296630859375,1609287642.574435
921,2864.68896484375,1609287642.574442
922,2801.656982421875,1609287642.574449
923,2696.112060546875,1609287642.574456
924,2720.989501953125,1609287642.574463
925,2856.306884765625,1609287642.57447
926,2835.67626953125,1609287642.574476
927,2728.052734375,1609287642.574484
928,2752.2373046875,1609287642.574491
929,2890.214599609375,1609287642.574498
930,2893.522705078125,1609287642.574505
931,2766.49755859375,1609287642.574536
932,2733.797119140625,1609287642.633654
933,2852.618896484375,1609287642.633673
934,2905.994873046875,1609287642.63368
935,2782.6357421875,1609287642.633687
936,2747.096435546875,1609287642.633694
937,2865.7841796875,1609287642.633701
938,2942.115234375,1609287642.633708
939,2840.236083984375,1609287642.633715
940,2756.372314453125,1609287642.633721
941,2836.346923828125,1609287642.633728
942,2929.084228515625,1609287642.633735
943,2866.633544921875,1609287642.633742
944,2761.647216796875,1609287642.633749
945,2823.4052734375,1609287642.633756
946,2952.464111328125,1609287642.633763
947,2892.5615234375,1609287642.693388
948,2783.10498046875,1609287642.693409
949,2801.142822265625,1609287642.693418
950,2942.3388671875,1609287642.693426
951,2915.315673828125,1609287642.693434
952,2786.2119140625,1609287642.693442
953,2801.835693359375,1609287642.69345
954,2923.988037109375,1609287642.693458
955,2935.364990234375,1609287642.693493
956,2811.91650390625,1609287642.693501
957,2780.69091796875,1609287642.693509
958,2902.46337890625,1609287642.693517
959,2971.463134765625,1609287642.693525
960,2855.122314453125,1609287642.693534
961,2767.8388671875,1609287642.693542
962,2888.225341796875,1609287642.753887
963,2972.916015625,1609287642.753908
964,2878.815185546875,1609287642.753916
965,2783.864990234375,1609287642.753924
966,2879.08349609375,1609287642.753932
967,2974.972412109375,1609287642.75394
968,2897.7470703125,1609287642.753949
969,2780.73583984375,1609287642.753957
970,2814.263427734375,1609287642.753965
971,2928.43603515625,1609287642.753973
972,2897.501220703125,1609287642.753981
973,2792.939697265625,1609287642.753989
974,2815.783203125,1609287642.753997
975,2941.802490234375,1609287642.754005
976,2944.3505859375,1609287642.754013
977,2802.48388671875,1609287642.813995
978,2797.70068359375,1609287642.814042
979,2947.971435546875,1609287642.814048
980,2988.00341796875,1609287642.814056
981,2846.0029296875,1609287642.814062
982,2806.41796875,1609287642.814069
983,2917.394287109375,1609287642.814076
984,2969.943115234375,1609287642.81412
985,2867.08056640625,1609287642.814128
986,2787.575439453125,1609287642.814135
987,2874.68017578125,1609287642.814142
988,2958.990966796875,1609287642.814149
989,2868.913330078125,1609287642.814157
990,2753.10888671875,1609287642.814164
991,2816.744384765625,1609287642.814171
992,2912.96875,1609287642.814179
993,2847.9697265625,1609287642.874584
994,2726.488037109375,1609287642.874594
995,2788.603515625,1609287642.874601
996,2922.669189453125,1609287642.874608
997,2917.43896484375,1609287642.874615
998,2803.19921875,1609287642.874622
999,2823.89697265625,1609287642.874629
1000,2941.35546875,1609287642.874636
1001,2958.186279296875,1609287642.874668
1002,2816.7890625,1609287642.874675
1003,2777.271240234375,1609287642.874682
1004,2888.67236328125,1609287642.874689
1005,2935.968505859375,1609287642.874696
1006,2823.628662109375,1609287642.874703
1007,2760.373291015625,1609287642.87471
1008,2865.47119140625,1609287642.934235
1009,2937.466064453125,1609287642.934255
1010,2847.9697265625,1609287642.934262
1011,2737.082763671875,1609287642.934269
1012,2744.52587890625,1609287642.934276
1013,2683.0810546875,1609287642.934283
1014,2427.958251953125,1609287642.93429
1015,2076.1640625,1609287642.934296
1016,1871.95849609375,1609287642.934303
1017,1759.7081298828125,1609287642.93431
1018,1520.991455078125,1609287642.934317
1019,1313.0084228515625,1609287642.934325
1020,1597.61328125,1609287642.934332
1021,2491.392333984375,1609287642.934339
1022,3252.826904296875,1609287642.934346
1023,3301.7548828125,1609287642.994266
1024,3182.798828125,1609287642.99431
1025,3170.281982421875,1609287642.994318
1026,3074.884765625,1609287642.994326
1027,2882.100830078125,1609287642.994334
1028,2806.50732421875,1609287642.994342
1029,2912.3427734375,1609287642.99435
1030,2939.05322265625,1609287642.994358
1031,2827.741455078125,1609287642.994366
1032,2754.427734375,1609287642.994374
1033,2847.67919921875,1609287642.994382
1034,2941.087158203125,1609287642.99439
1035,2828.3671875,1609287642.994399
1036,2732.791259765625,1609287642.994407
1037,2808.966064453125,1609287642.994415
1038,2890.3486328125,1609287643.054864
1039,2845.06396484375,1609287643.054886
1040,2721.682373046875,1609287643.054894
1041,2762.966064453125,1609287643.054902
1042,2866.409912109375,1609287643.05491
1043,2821.10302734375,1609287643.054919
1044,2693.027587890625,1609287643.054927
1045,2719.849609375,1609287643.054935
1046,2834.111572265625,1609287643.054943
1047,2832.10009765625,1609287643.054951
1048,2707.578369140625,1609287643.054988
1049,2682.835205078125,1609287643.054997
1050,2798.550048828125,1609287643.055005
1051,2821.21484375,1609287643.055013
1052,2689.205322265625,1609287643.055022
1053,2634.80126953125,1609287643.114795
1054,2731.762939453125,1609287643.114811
1055,2794.236083984375,1609287643.114818
1056,2695.799072265625,1609287643.114825
1057,2619.78076171875,1609287643.114832
1058,2705.008056640625,1609287643.114839
1059,2796.60546875,1609287643.114846
1060,2697.8330078125,1609287643.114853
1061,2594.769287109375,1609287643.11486
1062,2643.18310546875,1609287643.114867
1063,2752.70654296875,1609287643.114874
1064,2692.58056640625,1609287643.114881
1065,2589.181396484375,1609287643.114888
1066,2649.106201171875,1609287643.114895
1067,2762.6083984375,1609287643.114902
1068,2731.33837890625,1609287643.17425
1069,2601.832275390625,1609287643.174267
1070,2616.942138671875,1609287643.174274
1071,2763.592041015625,1609287643.174304
1072,2764.754150390625,1609287643.174311
1073,2647.050048828125,1609287643.174318
1074,2615.6904296875,1609287643.174325
1075,2746.492919921875,1609287643.174332
1076,2790.861083984375,1609287643.174339
1077,2681.516357421875,1609287643.174346
1078,2642.534912109375,1609287643.174353
1079,2724.6552734375,1609287643.17436
1080,2787.10595703125,1609287643.174367
1081,2695.910888671875,1609287643.174374
1082,2624.116943359375,1609287643.174381
1083,2706.907958984375,1609287643.23412
1084,2806.663818359375,1609287643.234137
1085,2723.515380859375,1609287643.234144
1086,2612.225830078125,1609287643.234151
1087,2671.592041015625,1609287643.234158
1088,2804.80859375,1609287643.234165
1089,2756.886474609375,1609287643.234172
1090,2640.36669921875,1609287643.234179
1091,2675.123779296875,1609287643.234186
1092,2810.3740234375,1609287643.234193
1093,2796.49365234375,1609287643.234199
1094,2671.301513671875,1609287643.234231
1095,2689.831298828125,1609287643.234238
1096,2831.09423828125,1609287643.234245
1097,2832.189453125,1609287643.234252
1098,2717.815673828125,1609287643.294219
1099,2681.225830078125,1609287643.294237
1100,2800.360595703125,1609287643.294244
1101,2839.09619140625,1609287643.294251
1102,2730.511474609375,1609287643.294259
1103,2687.327880859375,1609287643.294266
1104,2791.576416015625,1609287643.294272
1105,2873.27197265625,1609287643.294279
1106,2778.6123046875,1609287643.294286
1107,2673.290771484375,1609287643.294293
1108,2764.888427734375,1609287643.294301
1109,2863.034912109375,1609287643.294308
1110,2792.045654296875,1609287643.294316
1111,2676.15185546875,1609287643.294323
1112,2716.608642578125,1609287643.294331
1113,2843.7900390625,1609287643.353933
1114,2832.70361328125,1609287643.353953
1115,2705.276123046875,1609287643.35396
1116,2727.091552734375,1609287643.353967
1117,2866.7900390625,1609287643.353974
1118,2858.810302734375,1609287643.354007
1119,2732.187744140625,1609287643.354015
1120,2721.078857421875,1609287643.354021
1121,2861.827880859375,1609287643.354028
1122,2894.684814453125,1609287643.354035
1123,2768.889404296875,1609287643.354042
1124,2735.13818359375,1609287643.354049
1125,2859.123291015625,1609287643.354056
1126,2930.403076171875,1609287643.354063
1127,2827.428466796875,1609287643.35407
1128,2751.454833984375,1609287643.414501
1129,2856.821044921875,1609287643.41452
1130,2965.31640625,1609287643.414527
1131,2880.26806640625,1609287643.414534
1132,2777.830078125,1609287643.414541
1133,2838.783203125,1609287643.414548
1134,2946.295166015625,1609287643.414555
1135,2890.37109375,1609287643.414562
1136,2778.165283203125,1609287643.414569
1137,2828.68017578125,1609287643.414576
1138,2954.40869140625,1609287643.414583
1139,2929.5537109375,1609287643.41459
1140,2784.960205078125,1609287643.414597
1141,2793.073974609375,1609287643.414629
1142,2934.404052734375,1609287643.414636
1143,2949.9384765625,1609287643.474884
1144,2824.545166015625,1609287643.474905
1145,2803.7802734375,1609287643.474913
1146,2932.504150390625,1609287643.474921
1147,2969.9208984375,1609287643.474929
1148,2852.66357421875,1609287643.474937
1149,2790.458740234375,1609287643.474945
1150,2889.1416015625,1609287643.474953
1151,2953.64892578125,1609287643.474961
1152,2863.414794921875,1609287643.474969
1153,2795.353759765625,1609287643.474977
1154,2895.109619140625,1609287643.474985
1155,3000.364013671875,1609287643.474994
1156,2921.06005859375,1609287643.475002
1157,2790.950439453125,1609287643.47501
1158,2863.012451171875,1609287643.534789
1159,2983.756591796875,1609287643.534806
1160,2950.720703125,1609287643.534813
1161,2813.88330078125,1609287643.53482
1162,2844.348876953125,1609287643.534827
1163,2967.73046875,1609287643.534834
1164,2952.687744140625,1609287643.534858
1165,2821.259521484375,1609287643.534865
1166,2836.458740234375,1609287643.534872
1167,2979.6884765625,1609287643.534878
1168,3016.77001953125,1609287643.534885
1169,2899.423583984375,1609287643.534893
1170,2841.822998046875,1609287643.534899
1171,2955.41455078125,1609287643.534907
1172,2999.17919921875,1609287643.534913
1173,2896.5400390625,1609287643.59405
1174,2812.72119140625,1609287643.594068
1175,2902.1728515625,1609287643.594077
1176,2959.393310546875,1609287643.594119
1177,2874.7470703125,1609287643.594129
1178,2777.49462890625,1609287643.594137
1179,2856.28466796875,1609287643.594145
1180,2945.9150390625,1609287643.594153
1181,2861.626708984375,1609287643.594162
1182,2769.224609375,1609287643.594171
1183,2842.09130859375,1609287643.594179
1184,2981.3203125,1609287643.594188
1185,2937.33203125,1609287643.594196
1186,2816.051513671875,1609287643.594205
1187,2841.331298828125,1609287643.594234
1188,2955.01220703125,1609287643.654146
1189,2958.61083984375,1609287643.654165
1190,2825.864013671875,1609287643.654172
1191,2802.68505859375,1609287643.654179
1192,2932.75,1609287643.654186
1193,2978.571044921875,1609287643.654193
1194,2848.551025390625,1609287643.6542
1195,2796.89599609375,1609287643.654207
1196,2902.23974609375,1609287643.654214
1197,2985.38818359375,1609287643.654221
1198,2886.101806640625,1609287643.654227
1199,2737.216796875,1609287643.654235
1200,2693.0498046875,1609287643.654242
1201,2610.97412109375,1609287643.654248
1202,2333.72314453125,1609287643.654255
1203,1970.9991455078125,1609287643.714657
1204,1784.3397216796875,1609287643.714685
1205,1690.305908203125,1609287643.714692
1206,1472.711669921875,1609287643.714699
1207,1446.78369140625,1609287643.714706
1208,2040.624755859375,1609287643.714712
1209,3057.4501953125,1609287643.714719
1210,3467.426025390625,1609287643.714726
1211,3289.416748046875,1609287643.714758
1212,3147.416015625,1609287643.714765
1213,3142.52099609375,1609287643.714771
1214,3079.936279296875,1609287643.714779
1215,2887.621826171875,1609287643.714786
1216,2824.947509765625,1609287643.714793
1217,2918.5341796875,1609287643.7148
1218,2940.997802734375,1609287643.774399
1219,2836.30224609375,1609287643.774416
1220,2776.555908203125,1609287643.774423
1221,2872.7802734375,1609287643.77443
1222,2941.668212890625,1609287643.774437
1223,2833.91064453125,1609287643.774444
1224,2746.11279296875,1609287643.774451
1225,2839.319580078125,1609287643.774458
1226,2950.296142578125,1609287643.774464
1227,2861.514892578125,1609287643.774471
1228,2739.697998046875,1609287643.774478
1229,2785.09423828125,1609287643.774485
1230,2911.895751953125,1609287643.774493
1231,2866.67822265625,1609287643.7745
1232,2736.658203125,1609287643.774507
1233,2762.54150390625,1609287643.83463
1234,2881.787841796875,1609287643.834671
1235,2868.48876953125,1609287643.834678
1236,2733.35009765625,1609287643.834685
1237,2713.36767578125,1609287643.834692
1238,2830.155517578125,1609287643.834699
1239,2855.27880859375,1609287643.834706
1240,2710.4619140625,1609287643.834713
1241,2670.2509765625,1609287643.83472
1242,2800.6064453125,1609287643.834726
1243,2833.06103515625,1609287643.834733
1244,2709.411376953125,1609287643.83474
1245,2648.79345703125,1609287643.834747
1246,2740.681396484375,1609287643.834754
1247,2822.846435546875,1609287643.834761
1248,2720.810791015625,1609287643.894433
1249,2624.631103515625,1609287643.894451
1250,2694.033203125,1609287643.894458
1251,2799.555908203125,1609287643.894465
1252,2731.271240234375,1609287643.894472
1253,2609.20849609375,1609287643.894479
1254,2665.601806640625,1609287643.894486
1255,2792.224609375,1609287643.894493
1256,2740.658935546875,1609287643.8945
1257,2626.083984375,1609287643.894534
1258,2663.478515625,1609287643.894541
1259,2792.828125,1609287643.894548
1260,2800.427490234375,1609287643.894555
1261,2657.644775390625,1609287643.894562
1262,2644.39013671875,1609287643.894569
1263,2772.599609375,1609287643.954531
1264,2824.835693359375,1609287643.954553
1265,2693.005126953125,1609287643.95456
1266,2643.808837890625,1609287643.954567
1267,2770.6103515625,1609287643.954574
1268,2818.91259765625,1609287643.954581
1269,2706.281982421875,1609287643.954588
1270,2627.17919921875,1609287643.954596
1271,2713.792236328125,1609287643.954603
1272,2823.3828125,1609287643.95461
1273,2739.161376953125,1609287643.954617
1274,2630.822509765625,1609287643.954624
1275,2712.451171875,1609287643.954632
1276,2851.50146484375,1609287643.954639
1277,2796.51611328125,1609287643.954647
1278,2695.93310546875,1609287644.014724
1279,2733.640625,1609287644.014744
1280,2862.45361328125,1609287644.014779
1281,2838.313720703125,1609287644.014787
1282,2722.174072265625,1609287644.014795
1283,2732.903076171875,1609287644.014803
1284,2852.48486328125,1609287644.014811
1285,2868.019287109375,1609287644.014819
1286,2755.8134765625,1609287644.014827
1287,2730.600830078125,1609287644.014835
1288,2849.646240234375,1609287644.014843
1289,2879.821044921875,1609287644.014851
1290,2759.657958984375,1609287644.014859
1291,2712.808837890625,1609287644.014867
1292,2836.1904296875,1609287644.014875
1293,2911.158203125,1609287644.074747
1294,2809.07763671875,1609287644.074767
1295,2702.906982421875,1609287644.074774
1296,2785.451904296875,1609287644.074781
1297,2870.947265625,1609287644.074788
1298,2816.185546875,1609287644.074795
1299,2719.178955078125,1609287644.074802
1300,2785.653076171875,1609287644.07481
1301,2899.53515625,1609287644.074817
1302,2851.702392578125,1609287644.074824
1303,2743.251953125,1609287644.074831
1304,2775.30419921875,1609287644.074863
1305,2916.85791015625,1609287644.07487
1306,2907.179443359375,1609287644.074877
1307,2768.62109375,1609287644.074884
1308,2788.6259765625,1609287644.134738
1309,2941.712890625,1609287644.134757
1310,2949.7373046875,1609287644.134764
1311,2802.08154296875,1609287644.134771
1312,2778.343994140625,1609287644.134778
1313,2917.03662109375,1609287644.134785
1314,2976.00048828125,1609287644.134792
1315,2862.498291015625,1609287644.134799
1316,2794.459716796875,1609287644.134806
1317,2914.510986328125,1609287644.134813
1318,2996.340576171875,1609287644.13482
1319,2908.54296875,1609287644.134827
1320,2819.29248046875,1609287644.134834
1321,2914.734375,1609287644.134841
1322,3007.739990234375,1609287644.134848
1323,2916.85791015625,1609287644.193982
1324,2813.88330078125,1609287644.194003
1325,2871.617919921875,1609287644.19401
1326,3003.2919921875,1609287644.194017
1327,2965.80810546875,1609287644.194053
1328,2834.536376953125,1609287644.19406
1329,2859.637451171875,1609287644.194067
1330,2988.852783203125,1609287644.194075
1331,2982.750732421875,1609287644.194081
1332,2840.19140625,1609287644.194124
1333,2841.9794921875,1609287644.194131
1334,2979.040283203125,1609287644.194139
1335,3002.42041015625,1609287644.194146
1336,2872.958984375,1609287644.194154
1337,2836.726806640625,1609287644.194161
1338,2968.579833984375,1609287644.253979
1339,3038.115966796875,1609287644.253996
1340,2906.687744140625,1609287644.254003
1341,2821.348876953125,1609287644.25401
1342,2926.357421875,1609287644.254017
1343,3022.536865234375,1609287644.254024
1344,2938.5390625,1609287644.254031
1345,2835.89990234375,1609287644.254038
1346,2921.73046875,1609287644.254045
1347,3031.634033203125,1609287644.254052
1348,2964.1318359375,1609287644.254059
1349,2849.28857421875,1609287644.254066
1350,2888.314697265625,1609287644.254133
1351,3023.8779296875,1609287644.25414
1352,2986.662353515625,1609287644.254147
1353,2853.401123046875,1609287644.314308
1354,2854.09423828125,1609287644.314323
1355,2976.358154296875,1609287644.314331
1356,2968.177490234375,1609287644.314337
1357,2837.218505859375,1609287644.314344
1358,2810.59765625,1609287644.314351
1359,2929.464111328125,1609287644.314359
1360,2982.9072265625,1609287644.314366
1361,2852.127197265625,1609287644.314373
1362,2804.674560546875,1609287644.31438
1363,2914.801513671875,1609287644.314387
1364,3017.10546875,1609287644.314394
1365,2933.1298828125,1609287644.314401
1366,2832.211669921875,1609287644.314408
1367,2908.9453125,1609287644.314415
1368,3019.742919921875,1609287644.374471
1369,2950.921875,1609287644.374486
1370,2839.520751953125,1609287644.374493
1371,2895.914306640625,1609287644.3745
1372,3009.863525390625,1609287644.374507
1373,2971.5078125,1609287644.374514
1374,2833.329345703125,1609287644.374544
1375,2858.07275390625,1609287644.374551
1376,2992.294921875,1609287644.374558
1377,2972.40185546875,1609287644.374565
1378,2861.44775390625,1609287644.374571
1379,2838.045654296875,1609287644.374578
1380,2876.982421875,1609287644.374585
1381,2759.50146484375,1609287644.374592
1382,2438.508056640625,1609287644.374599
1383,2174.19873046875,1609287644.434136
1384,2033.338134765625,1609287644.434158
1385,1846.0528564453125,1609287644.434165
1386,1541.33154296875,1609287644.434172
1387,1408.651611328125,1609287644.434179
1388,1777.4329833984375,1609287644.434186
1389,2593.18212890625,1609287644.434193
1390,3261.432373046875,1609287644.4342
1391,3371.89453125,1609287644.434207
1392,3341.160888671875,1609287644.434213
1393,3308.52734375,1609287644.43422
1394,3126.070068359375,1609287644.434227
1395,2921.86474609375,1609287644.434234
1396,2903.402099609375,1609287644.434242
1397,2999.9169921875,1609287644.434274
1398,2953.581787109375,1609287644.49372
1399,2828.970703125,1609287644.493739
1400,2847.008544921875,1609287644.493746
1401,2977.83349609375,1609287644.493754
1402,2963.01416015625,1609287644.493761
1403,2829.08251953125,1609287644.493768
1404,2825.28271484375,1609287644.493775
1405,2934.761474609375,1609287644.493782
1406,2946.7421875,1609287644.493789
1407,2837.7998046875,1609287644.493796
1408,2790.570556640625,1609287644.493803
1409,2900.809326171875,1609287644.49381
1410,2961.22607421875,1609287644.493817
1411,2856.731689453125,1609287644.493824
1412,2769.4033203125,1609287644.493831
1413,2863.548828125,1609287644.55434
1414,2938.986083984375,1609287644.55436
1415,2839.2080078125,1609287644.554367
1416,2731.472412109375,1609287644.554374
1417,2792.6044921875,1609287644.554381
1418,2899.311767578125,1609287644.554388
1419,2829.529541015625,1609287644.554395
1420,2711.691162109375,1609287644.554429
1421,2753.690185546875,1609287644.554436
1422,2864.1748046875,1609287644.554442
1423,2850.026123046875,1609287644.554449
1424,2715.580322265625,1609287644.554456
1425,2705.812744140625,1609287644.554464
1426,2811.0,1609287644.554471
1427,2820.656005859375,1609287644.554478
1428,2685.204345703125,1609287644.614614
1429,2657.97998046875,1609287644.614626
1430,2778.478271484375,1609287644.61463
1431,2824.0087890625,1609287644.614634
1432,2700.26953125,1609287644.614638
1433,2661.17626953125,1609287644.614642
1434,2765.648193359375,1609287644.614646
1435,2821.21484375,1609287644.61465
1436,2724.6328125,1609287644.614654
1437,2653.46484375,1609287644.614658
1438,2738.379150390625,1609287644.614662
1439,2839.990234375,1609287644.614666
1440,2766.408203125,1609287644.61467
1441,2667.74755859375,1609287644.614675
1442,2744.369384765625,1609287644.614679
1443,2849.132080078125,1609287644.674722
1444,2794.638427734375,1609287644.674741
1445,2667.837158203125,1609287644.674749
1446,2700.716552734375,1609287644.674756
1447,2833.46337890625,1609287644.674763
1448,2800.427490234375,1609287644.67477
1449,2673.335693359375,1609287644.674776
1450,2678.498779296875,1609287644.674783
1451,2785.49658203125,1609287644.67479
1452,2794.50439453125,1609287644.674797
1453,2672.016845703125,1609287644.674804
1454,2637.416259765625,1609287644.67481
1455,2784.11083984375,1609287644.674818
1456,2825.998046875,1609287644.674825
1457,2716.988525390625,1609287644.674831
1458,2665.4677734375,1609287644.734554
1459,2802.036865234375,1609287644.734574
1460,2890.9521484375,1609287644.734581
1461,2791.844482421875,1609287644.734588
1462,2697.85546875,1609287644.734595
1463,2786.435302734375,1609287644.734602
1464,2901.63623046875,1609287644.734609
1465,2829.7978515625,1609287644.734616
1466,2699.4423828125,1609287644.734623
1467,2769.157470703125,1609287644.734677
1468,2890.214599609375,1609287644.734684
1469,2844.86279296875,1609287644.734691
1470,2714.462890625,1609287644.734698
1471,2756.72998046875,1609287644.734705
1472,2891.488525390625,1609287644.734712
1473,2875.708251953125,1609287644.793798
1474,2735.808837890625,1609287644.793816
1475,2721.414306640625,1609287644.793824
1476,2863.45947265625,1609287644.793832
1477,2912.186279296875,1609287644.79384
1478,2782.7919921875,1609287644.793849
1479,2744.212890625,1609287644.793857
1480,2859.7490234375,1609287644.793866
1481,2928.972412109375,1609287644.793874
1482,2820.41015625,1609287644.793883
1483,2751.454833984375,1609287644.793891
1484,2852.328369140625,1609287644.793898
1485,2940.349609375,1609287644.793905
1486,2851.9931640625,1609287644.793912
1487,2763.32373046875,1609287644.793919
1488,2852.730712890625,1609287644.793926
1489,2974.3017578125,1609287644.855292
1490,2901.010498046875,1609287644.855327
1491,2787.396484375,1609287644.855334
1492,2845.89111328125,1609287644.855341
1493,2956.3310546875,1609287644.855348
1494,2926.24560546875,1609287644.855355
1495,2819.404296875,1609287644.855362
1496,2854.29541015625,1609287644.855369
1497,2977.69921875,1609287644.855376
1498,2988.71875,1609287644.855382
1499,2867.840576171875,1609287644.855389
1500,2831.3623046875,1609287644.855397
1501,2965.5400390625,1609287644.855404
1502,3010.37744140625,1609287644.85541
1503,2897.85888671875,1609287644.855417
